{

    "town":[
        {
        "place":"chennai",
        "id":"1",
        "ptype":"villa",

    "Project":[
        {
            "homeid":"1",
            "id":"1",
            "ptype":"villa",
            "bhkk":"1",
            "prize":5000,
            "component":false,
            "detail":false,
            "image":"https://cdn.staticmb.com/property/microsite/mb-banners/00844915/featureproject-img.jpg",
            "head":"Edge",
            "paragraph":"Next Bulider",
            "paragraph1":"Sholinganallur chennai",
            "flat":"1 BHP Flates",
            "lakes":"38,000",
            "lakdetail":"onwards",
            "foundation":"Marketed by jones foundation Pvt..",
        
            "rate":"5000",
            "cash":"19,136 Cashback On Home loan",
            "Bhk":"1 BHK Flat for Sale for ",
            "sale":"Sholinganallur Chennai",
            "bed":"3 Beds",
            "bath":"2 Baths",
            "parking":"1 covered parking",
            "finished":"Underfinished",
            "area":"Super Bulid Up Area",
            "sqft":"1668 sqft",
            "sqfts":"7,399 per sqft",
            "Del":"Developer",
            "house":"Dosi Housing",
            "pro":"Project",
            "nest":"Dosi FirstNest",
            "floor":"Floor",
            "size":"2(2 Out Of 4 Floors)",
            "tra":"Transaction Type",
            "property":"New Property",
            "status":"Status",
            "ready":"Ready To Move",
            "left":"Left",
            "num":"1",
            "fur":"Furnishing Status",
            "unfurnish":"Unfurnishing",
            "park":"Car Parking",
            "cover":"One Covered",
            "offer":"Offer",
            "off":"40th Anniversary Offer -Save Upto 4 Lakhs",
            "bulid":"Contact Bulider",
            "Book":"Book Site Visit",
            "contact":"Last Conatct Made In 5 Days Ago",
            "why":"Why Buy This In This Project ?",
            "one":"ideal environment for people to live, to work, to Grow",
            "two":"Designed to delight every first home buyer",
            "three":"C.C No EC/Central-1/160/2023",
            "rental":"18000",
            "dep":"1.0 lac",
            "address":"Sholinganallur Chennai,chennai south,Tamilnadu",
            "new":"New Construction",
            "Availability":"24 Hours Available",
            "descrip":"Multistorey apartment is available for rend.it is good location property please contact for more details",
            "power":"Power Back Up",
            "rain":"Rain Water Harvesting",
            "clup":"Club House",
            "parks":"Park",
            "car":"Reversed Parking",
            "sec":"Security",

                    "zero":"Only On Magicbrick",
                    "bhk":"1 BHK villa for Sale in Sholinganallur Chennai",
                    "place":"Bhaggyam Athulya",
                    "Area":"SUPER AREA",
                    "Sqft":"1668 sqft",
                    "under":"CONSTRUCTION",
                    "date":"Poss. by Dec '23",
                    "toilet":"BATHROOM",
                    "number":"3",
                    "transion":"TRANSACTION",
                    "Property":"New Property",
                    "furnish":"FURNISHING",
                    "Paragraph":"Located bang on OMR, few meters before Shollinganallur junction. Athulya serene living space 3BHK homes spread over 2.1 acres of landscaped garden, is nestled away in the interiors for a private escape. The elevation is a truly contemporary architectural design, featuring 130 luxury homes that is designed for your comfort and luxury living.",
                    "Rate":"5,000",
                    "Sqfts":"7,399 per sqft",
                    "call":"Request Callback",
                    "info":"Get Info",
                    "loan":"Check Loan Eligibility",
                    "operator":"Bulider:Newry Properties..",
                    "year":"Operating Since 2005"

            
            
        },
        {
            "homeid":"2",
            "id":"1",
            "ptype":"villa",
            "bhkk":"2",
            "prize":10000,
            "component":false,
            "detail":false,
            "image":"https://cdn.staticmb.com/property/microsite/mb-banners/00837084/featureproject-img.jpg",
            "head":"Edge",
            "paragraph":"Pearl Constructions",
            "paragraph1":"Tambaram",
            "flat":"2 BHP Flates",
            "lakes":"35,000",
            "lakdetail":"onwards",
            "foundation":"Marketed by jones foundation Pvt..",

            "rate":"10,000",
            "cash":"19,136 Cashback On Home loan",
            "Bhk":"2 BHK Flat for Sale for ",
            "sale":"Tambaram Chennai",
            "bed":"3 Beds",
            "bath":"2 Baths",
            "parking":"1 covered parking",
            "finished":"Underfinished",
            "area":"Super Bulid Up Area",
            "sqft":"1558 sqft",
            "sqfts":"7,502 per sqft",
            "Del":"Developer",
            "house":"Dosi Housing",
            "pro":"Project",
            "nest":"Dosi FirstNest",
            "floor":"Floor",
            "size":"2(2 Out Of 4 Floors)",
            "tra":"Transaction Type",
            "property":"New Property",
            "status":"Status",
            "ready":"Ready To Move",
            "left":"Left",
            "num":"1",
            "fur":"Furnishing Status",
            "unfurnish":"Unfurnishing",
            "park":"Car Parking",
            "cover":"One Covered",
            "offer":"Offer",
            "off":"40th Anniversary Offer -Save Upto 4 Lakhs",
            "bulid":"Contact Bulider",
            "Book":"Book Site Visit",
            "contact":"Last Conatct Made In 5 Days Ago",
            "why":"Why Buy This In This Project ?",
            "one":"ideal environment for people to live, to work, to Grow",
            "two":"Designed to delight every first home buyer",
            "three":"C.C No EC/Central-1/160/2023",
            "rental":"18000",
            "dep":"1.0 lac",
            "address":"Tambaram Chennai,chennai south,Tamilnadu",
            "new":"New Construction",
            "Availability":"24 Hours Available",
            "descrip":"Multistorey apartment is available for rend.it is good location property please contact for more details",
            "power":"Power Back Up",
            "rain":"Rain Water Harvesting",
            "clup":"Club House",
            "parks":"Park",
            "car":"Reversed Parking",
            "sec":"Security",

            "zero":"Only On Magicbrick",
                    "bhk":"2 BHK villa for Sale in Tambaram Chennai",
                    "place":"Bhaggyam Athulya",
                    "Area":"SUPER AREA",
                    "Sqft":"1558 sqft",
                    "under":"CONSTRUCTION",
                    "date":"Poss. by Dec '23",
                    "toilet":"BATHROOM",
                    "number":"3",
                    "transion":"TRANSACTION",
                    "Property":"New Property",
                    "furnish":"FURNISHING",
                    "Paragraph":"Located bang on OMR, few meters before Shollinganallur junction. Athulya serene living space 3BHK homes spread over 2.1 acres of landscaped garden, is nestled away in the interiors for a private escape. The elevation is a truly contemporary architectural design, featuring 130 luxury homes that is designed for your comfort and luxury living.",
                    "Rate":"10,000",
                    "Sqfts":"7,502 per sqft",
                    "call":"Request Callback",
                    "info":"Get Info",
                    "loan":"Check Loan Eligibility",
                    "operator":"Bulider:Newry Properties..",
                    "year":"Operating Since 2005"
        },
        {
            "homeid":"3",
            "id":"1",
            "component":false,
            "detail":false,
            "ptype":"villa",
            "bhkk":"3",
            "prize":15000,
            "image":"https://cdn.staticmb.com/property/microsite/mb-banners/00807398/featureproject-img.jpg",
            "head":"Edge",
            "paragraph":"Muratham Group",
            "paragraph1":"Sithalpakam",
            "flat":"3 BHP Flates",
            "lakes":"33,000",
            "lakdetail":"onwards",
            "foundation":"Marketed by jones foundation Pvt..",

            "rate":"15,000",
            "cash":"19,136 Cashback On Home loan",
            "Bhk":"2 BHK Flat for Sale for ",
            "sale":"Sithalpakam Chennai",
            "bed":"3 Beds",
            "bath":"2 Baths",
            "parking":"1 covered parking",
            "finished":"Underfinished",
            "area":"Super Bulid Up Area",
            "sqft":"1436 sqft",
            "sqfts":"5,888 per sqft",
            "Del":"Developer",
            "house":"Dosi Housing",
            "pro":"Project",
            "nest":"Dosi FirstNest",
            "floor":"Floor",
            "size":"2(2 Out Of 4 Floors)",
            "tra":"Transaction Type",
            "property":"New Property",
            "status":"Status",
            "ready":"Ready To Move",
            "left":"Left",
            "num":"1",
            "fur":"Furnishing Status",
            "unfurnish":"Unfurnishing",
            "park":"Car Parking",
            "cover":"One Covered",
            "offer":"Offer",
            "off":"40th Anniversary Offer -Save Upto 4 Lakhs",
            "bulid":"Contact Bulider",
            "Book":"Book Site Visit",
            "contact":"Last Conatct Made In 5 Days Ago",
            "why":"Why Buy This In This Project ?",
            "one":"ideal environment for people to live, to work, to Grow",
            "two":"Designed to delight every first home buyer",
            "three":"C.C No EC/Central-1/160/2023",
            "rental":"15000",
            "dep":"1.0 lac",
            "address":"Sithalpakam Chennai,chennai south,Tamilnadu",
            "new":"New Construction",
            "Availability":"24 Hours Available",
            "descrip":"Multistorey apartment is available for rend.it is good location property please contact for more details",
            "power":"Power Back Up",
            "rain":"Rain Water Harvesting",
            "clup":"Club House",
            "parks":"Park",
            "car":"Reversed Parking",
            "sec":"Security",

            
            "zero":"Only On Magicbrick",
                    "bhk":"3 BHK villa for Sale in Sithalpakam Chennai",
                    "place":"Bhaggyam Athulya",
                    "Area":"SUPER AREA",
                    "Sqft":"1436 sqft",
                    "under":"CONSTRUCTION",
                    "date":"Poss. by Dec '23",
                    "toilet":"BATHROOM",
                    "number":"3",
                    "transion":"TRANSACTION",
                    "Property":"New Property",
                    "furnish":"FURNISHING",
                    "Paragraph":"Located bang on OMR, few meters before Shollinganallur junction. Athulya serene living space 3BHK homes spread over 2.1 acres of landscaped garden, is nestled away in the interiors for a private escape. The elevation is a truly contemporary architectural design, featuring 130 luxury homes that is designed for your comfort and luxury living.",
                    "Rate":"15,000",
                    "Sqfts":"5,888 per sqft",
                    "call":"Request Callback",
                    "info":"Get Info",
                    "loan":"Check Loan Eligibility",
                    "operator":"Bulider:Newry Properties..",
                    "year":"Operating Since 2005"
        },
        {
            "homeid":"4",
            "id":"1",
            "component":false,
            "detail":false,
            "ptype":"flat",
            "bhkk":"2",
            "prize":20000,
            "image":"https://cdn.staticmb.com/property/microsite/mb-banners/00779091/featureproject-img.jpg",
            "head":"Edge",
            "paragraph":"Next Bulider",
            "paragraph1":"Medavakkam",
            "flat":"2 BHP Flates",
            "lakes":"20,000",
            "lakdetail":"onwards",
            "foundation":"Marketed by jones foundation Pvt..",

            "rate":"20,000",
            "cash":"19,136 Cashback On Home loan",
            "Bhk":"2 BHK Flat for Sale for ",
            "sale":"Medavakkam Chennai",
            "bed":"3 Beds",
            "bath":"2 Baths",
            "parking":"1 covered parking",
            "finished":"Underfinished",
            "area":"Super Bulid Up Area",
            "sqft":"1326 sqft",
            "sqfts":"5,388 per sqft",
            "Del":"Developer",
            "house":"Dosi Housing",
            "pro":"Project",
            "nest":"Dosi FirstNest",
            "floor":"Floor",
            "size":"2(2 Out Of 4 Floors)",
            "tra":"Transaction Type",
            "property":"New Property",
            "status":"Status",
            "ready":"Ready To Move",
            "left":"Left",
            "num":"1",
            "fur":"Furnishing Status",
            "unfurnish":"Unfurnishing",
            "park":"Car Parking",
            "cover":"One Covered",
            "offer":"Offer",
            "off":"40th Anniversary Offer -Save Upto 4 Lakhs",
            "bulid":"Contact Bulider",
            "Book":"Book Site Visit",
            "contact":"Last Conatct Made In 5 Days Ago",
            "why":"Why Buy This In This Project ?",
            "one":"ideal environment for people to live, to work, to Grow",
            "two":"Designed to delight every first home buyer",
            "three":"C.C No EC/Central-1/160/2023",
            "rental":"20000",
            "dep":"1.0 lac",
            "address":"Medavakkam Chennai,chennai south,Tamilnadu",
            "new":"New Construction",
            "Availability":"24 Hours Available",
            "descrip":"Multistorey apartment is available for rend.it is good location property please contact for more details",
            "power":"Power Back Up",
            "rain":"Rain Water Harvesting",
            "clup":"Club House",
            "parks":"Park",
            "car":"Reversed Parking",
            "sec":"Security",

            
            "zero":"Only On Magicbrick",
                    "bhk":"2 BHK Flat for Sale in Medavakkam Chennai",
                    "place":"Bhaggyam Athulya",
                    "Area":"SUPER AREA",
                    "Sqft":"5,388 sqft",
                    "under":"CONSTRUCTION",
                    "date":"Poss. by Dec '23",
                    "toilet":"BATHROOM",
                    "number":"3",
                    "transion":"TRANSACTION",
                    "Property":"New Property",
                    "furnish":"FURNISHING",
                    "Paragraph":"Located bang on OMR, few meters before Shollinganallur junction. Athulya serene living space 3BHK homes spread over 2.1 acres of landscaped garden, is nestled away in the interiors for a private escape. The elevation is a truly contemporary architectural design, featuring 130 luxury homes that is designed for your comfort and luxury living.",
                    "Rate":"20,000",
                    "Sqfts":"5,388 per sqft",
                    "call":"Request Callback",
                    "info":"Get Info",
                    "loan":"Check Loan Eligibility",
                    "operator":"Bulider:Newry Properties..",
                    "year":"Operating Since 2005"
        },
        {
            "homeid":"5",
            "id":"1",
            "component":false,
            "detail":false,
            "ptype":"flat",
            "bhkk":"3",
            "prize":25000,
            "image":"https://cdn.staticmb.com/property/microsite/mb-banners/00851905/featureproject-img.jpg",
            "head":"Edge",
            "paragraph":"Muratham Group",
            "paragraph1":"West Tambaram",
            "flat":"3 BHP Flates",
            "lakes":"25,000",
            "lakdetail":"onwards",
            "foundation":"Marketed by jones foundation Pvt..",

            "rate":"25,000",
            "cash":"19,136 Cashback On Home loan",
            "Bhk":"3 BHK Flat for Sale for ",
            "sale":"West Tambaram Chennai",
            "bed":"3 Beds",
            "bath":"2 Baths",
            "parking":"1 covered parking",
            "finished":"Underfinished",
            "area":"Super Bulid Up Area",
            "sqft":"1566 sqft",
            "sqfts":"6,325 per sqft",
            "Del":"Developer",
            "house":"Dosi Housing",
            "pro":"Project",
            "nest":"Dosi FirstNest",
            "floor":"Floor",
            "size":"2(2 Out Of 4 Floors)",
            "tra":"Transaction Type",
            "property":"New Property",
            "status":"Status",
            "ready":"Ready To Move",
            "left":"Left",
            "num":"1",
            "fur":"Furnishing Status",
            "unfurnish":"Unfurnishing",
            "park":"Car Parking",
            "cover":"One Covered",
            "offer":"Offer",
            "off":"40th Anniversary Offer -Save Upto 4 Lakhs",
            "bulid":"Contact Bulider",
            "Book":"Book Site Visit",
            "contact":"Last Conatct Made In 5 Days Ago",
            "why":"Why Buy This In This Project ?",
            "one":"ideal environment for people to live, to work, to Grow",
            "two":"Designed to delight every first home buyer",
            "three":"C.C No EC/Central-1/160/2023",
            "rental":"18000",
            "dep":"1.0 lac",
            "address":"Tambaram Chennai Chennai,chennai south,Tamilnadu",
            "new":"New Construction",
            "Availability":"24 Hours Available",
            "descrip":"Multistorey apartment is available for rend.it is good location property please contact for more details",
            "power":"Power Back Up",
            "rain":"Rain Water Harvesting",
            "clup":"Club House",
            "parks":"Park",
            "car":"Reversed Parking",
            "sec":"Security",

            
            "zero":"Only On Magicbrick",
                    "bhk":"3 BHK Flat for Sale in West Tambaram Chennai",
                    "place":"Bhaggyam Athulya",
                    "Area":"SUPER AREA",
                    "Sqft":"1566 sqft",
                    "under":"CONSTRUCTION",
                    "date":"Poss. by Dec '23",
                    "toilet":"BATHROOM",
                    "number":"3",
                    "transion":"TRANSACTION",
                    "Property":"New Property",
                    "furnish":"FURNISHING",
                    "Paragraph":"Located bang on OMR, few meters before Shollinganallur junction. Athulya serene living space 3BHK homes spread over 2.1 acres of landscaped garden, is nestled away in the interiors for a private escape. The elevation is a truly contemporary architectural design, featuring 130 luxury homes that is designed for your comfort and luxury living.",
                    "Rate":"25,000",
                    "Sqfts":"6,325 per sqft",
                    "call":"Request Callback",
                    "info":"Get Info",
                    "loan":"Check Loan Eligibility",
                    "operator":"Bulider:Newry Properties..",
                    "year":"Operating Since 2005"
        },
        {
            "homeid":"6",
            "id":"1",
            "component":false,
            "detail":false,
            "ptype":"flat",
            "bhkk":"1",
            "prize":30000,
            "image":"https://cdn.staticmb.com/property/microsite/mb-banners/00837084/featureproject-img.jpg",
            "head":"Edge",
            "paragraph":"Pearl Constructions",
            "paragraph1":"Thiruvanmiyur",
            "flat":"1 BHP Flates",
            "lakes":"30,000",
            "lakdetail":"onwards",
            "foundation":"Marketed by jones foundation Pvt..",

            "rate":"30,000",
            "cash":"19,136 Cashback On Home loan",
            "Bhk":"1 BHK Flat for Sale for ",
            "sale":"Thiruvanmiyur Chennai",
            "bed":"3 Beds",
            "bath":"2 Baths",
            "parking":"1 covered parking",
            "finished":"Underfinished",
            "area":"Super Bulid Up Area",
            "sqft":"1326 sqft",
            "sqfts":"6.326 per sqft",
            "Del":"Developer",
            "house":"Dosi Housing",
            "pro":"Project",
            "nest":"Dosi FirstNest",
            "floor":"Floor",
            "size":"2(2 Out Of 4 Floors)",
            "tra":"Transaction Type",
            "property":"New Property",
            "status":"Status",
            "ready":"Ready To Move",
            "left":"Left",
            "num":"1",
            "fur":"Furnishing Status",
            "unfurnish":"Unfurnishing",
            "park":"Car Parking",
            "cover":"One Covered",
            "offer":"Offer",
            "off":"40th Anniversary Offer -Save Upto 4 Lakhs",
            "bulid":"Contact Bulider",
            "Book":"Book Site Visit",
            "contact":"Last Conatct Made In 5 Days Ago",
            "why":"Why Buy This In This Project ?",
            "one":"ideal environment for people to live, to work, to Grow",
            "two":"Designed to delight every first home buyer",
            "three":"C.C No EC/Central-1/160/2023",
            "rental":"30000",
            "dep":"1.0 lac",
            "address":"Thiruvanmiyur Chennai,chennai south,Tamilnadu",
            "new":"New Construction",
            "Availability":"24 Hours Available",
            "descrip":"Multistorey apartment is available for rend.it is good location property please contact for more details",
            "power":"Power Back Up",
            "rain":"Rain Water Harvesting",
            "clup":"Club House",
            "parks":"Park",
            "car":"Reversed Parking",
            "sec":"Security",

             
                    "zero":"Only On Magicbrick",
                    "Rate":"30,000",
                    "bhk":"1 BHK Flat for Sale in Thiruvanmiyur Chennai",
                    "place":"Bhaggyam Athulya",
                    "Area":"SUPER AREA",
                    "Sqft":"1326 sqft",
                    "under":"CONSTRUCTION",
                    "date":"Poss. by Dec '23",
                    "toilet":"BATHROOM",
                    "number":"3",
                    "transion":"TRANSACTION",
                    "Property":"New Property",
                    "furnish":"FURNISHING",
                    "Paragraph":"Located bang on OMR, few meters before Shollinganallur junction. Athulya serene living space 3BHK homes spread over 2.1 acres of landscaped garden, is nestled away in the interiors for a private escape. The elevation is a truly contemporary architectural design, featuring 130 luxury homes that is designed for your comfort and luxury living.",
                    "Sqfts":"6.326 per sqft",
                    "call":"Request Callback",
                    "info":"Get Info",
                    "loan":"Check Loan Eligibility",
                    "operator":"Bulider:Newry Properties..",
                    "year":"Operating Since 2005"
        }
    ]
    },
    {
        "place":"tenkasi",
        "id":"2",

    "Project":[
        {
            "homeid":"1",
            "component":false,
            "detail":false,
            "ptype":"villa",
            "bhkk":"1",
            "prize":10000,
            "image":"https://cdn.staticmb.com/property/microsite/mb-banners/00844915/featureproject-img.jpg",
            "head":"Edge",
            "paragraph":"Next Bulider",
            "paragraph1":"tenkasi junction",
            "flat":"1 BHP Flates",
            "lakes":"10,000",
            "lakdetail":"onwards",
            "foundation":"Marketed by jones foundation Pvt..",
        
            "rate":"10000",
            "cash":"19,136 Cashback On Home loan",
            "Bhk":"1 BHK Flat for Sale for ",
            "sale":"tenkasi junction",
            "bed":"3 Beds",
            "bath":"2 Baths",
            "parking":"1 covered parking",
            "finished":"Underfinished",
            "area":"Super Bulid Up Area",
            "sqft":"1668 sqft",
            "sqfts":"7,399 per sqft",
            "Del":"Developer",
            "house":"Dosi Housing",
            "pro":"Project",
            "nest":"Dosi FirstNest",
            "floor":"Floor",
            "size":"2(2 Out Of 4 Floors)",
            "tra":"Transaction Type",
            "property":"New Property",
            "status":"Status",
            "ready":"Ready To Move",
            "left":"Left",
            "num":"1",
            "fur":"Furnishing Status",
            "unfurnish":"Unfurnishing",
            "park":"Car Parking",
            "cover":"One Covered",
            "offer":"Offer",
            "off":"40th Anniversary Offer -Save Upto 4 Lakhs",
            "bulid":"Contact Bulider",
            "Book":"Book Site Visit",
            "contact":"Last Conatct Made In 5 Days Ago",
            "why":"Why Buy This In This Project ?",
            "one":"ideal environment for people to live, to work, to Grow",
            "two":"Designed to delight every first home buyer",
            "three":"C.C No EC/Central-1/160/2023",
            "rental":"18,000",
            "dep":"1.0 lac",
            "address":"tenkasi ,tenkasi junction,Tamilnadu",
            "new":"New Construction",
            "Availability":"24 Hours Available",
            "descrip":"Multistorey apartment is available for rend.it is good location property please contact for more details",
            "power":"Power Back Up",
            "rain":"Rain Water Harvesting",
            "clup":"Club House",
            "parks":"Park",
            "car":"Reversed Parking",
            "sec":"Security",

                    "zero":"Only On Magicbrick",
                    "bhk":"1 BHK Villa for Sale in tenkasi junction",
                    "place":"Bhaggyam Athulya",
                    "Area":"SUPER AREA",
                    "Sqft":"1668 sqft",
                    "under":"CONSTRUCTION",
                    "date":"Poss. by Dec '23",
                    "toilet":"BATHROOM",
                    "number":"3",
                    "transion":"TRANSACTION",
                    "Property":"New Property",
                    "furnish":"FURNISHING",
                    "Paragraph":"Located bang on OMR, few meters before tenkasi junction. Athulya serene living space 3BHK homes spread over 2.1 acres of landscaped garden, is nestled away in the interiors for a private escape. The elevation is a truly contemporary architectural design, featuring 130 luxury homes that is designed for your comfort and luxury living.",
                    "Rate":"1.23 CR",
                    "Sqfts":"7,399 per sqft",
                    "call":"Request Callback",
                    "info":"Get Info",
                    "loan":"Check Loan Eligibility",
                    "operator":"Bulider:Newry Properties..",
                    "year":"Operating Since 2005"

            
            
        },
        {
            "homeid":"2",
            "component":false,
            "detail":false,
            "ptype":"villa",
            "bhkk":"2",
            "prize":10000,
            "image":"https://cdn.staticmb.com/property/microsite/mb-banners/00837084/featureproject-img.jpg",
            "head":"Edge",
            "paragraph":"Pearl Constructions",
            "paragraph1":"Tenkasi South",
            "flat":"2 BHP Flates",
            "lakes":"10,000",
            "lakdetail":"onwards",
            "foundation":"Marketed by jones foundation Pvt..",

            "rate":"10,000",
            "cash":"19,136 Cashback On Home loan",
            "Bhk":"2 BHK Flat for Sale for ",
            "sale":"Tenkasi South Tenkasi",
            "bed":"3 Beds",
            "bath":"2 Baths",
            "parking":"1 covered parking",
            "finished":"Underfinished",
            "area":"Super Bulid Up Area",
            "sqft":"1558 sqft",
            "sqfts":"7,502 per sqft",
            "Del":"Developer",
            "house":"Dosi Housing",
            "pro":"Project",
            "nest":"Dosi FirstNest",
            "floor":"Floor",
            "size":"2(2 Out Of 4 Floors)",
            "tra":"Transaction Type",
            "property":"New Property",
            "status":"Status",
            "ready":"Ready To Move",
            "left":"Left",
            "num":"1",
            "fur":"Furnishing Status",
            "unfurnish":"Unfurnishing",
            "park":"Car Parking",
            "cover":"One Covered",
            "offer":"Offer",
            "off":"40th Anniversary Offer -Save Upto 4 Lakhs",
            "bulid":"Contact Bulider",
            "Book":"Book Site Visit",
            "contact":"Last Conatct Made In 5 Days Ago",
            "why":"Why Buy This In This Project ?",
            "one":"ideal environment for people to live, to work, to Grow",
            "two":"Designed to delight every first home buyer",
            "three":"C.C No EC/Central-1/160/2023",
            "rental":"18000",
            "dep":"1.0 lac",
            "address":"Tenkasi,Tenkasi South,Tamilnadu",
            "new":"New Construction",
            "Availability":"24 Hours Available",
            "descrip":"Multistorey apartment is available for rend.it is good location property please contact for more details",
            "power":"Power Back Up",
            "rain":"Rain Water Harvesting",
            "clup":"Club House",
            "parks":"Park",
            "car":"Reversed Parking",
            "sec":"Security",

            "zero":"Only On Magicbrick",
                    "bhk":"2 BHK Villa for Sale in Tenkasi South Tenkasi",
                    "place":"Bhaggyam Athulya",
                    "Area":"SUPER AREA",
                    "Sqft":"1558 sqft",
                    "under":"CONSTRUCTION",
                    "date":"Poss. by Dec '23",
                    "toilet":"BATHROOM",
                    "number":"3",
                    "transion":"TRANSACTION",
                    "Property":"New Property",
                    "furnish":"FURNISHING",
                    "Paragraph":"Located bang on OMR, few meters before Shollinganallur junction. Athulya serene living space 3BHK homes spread over 2.1 acres of landscaped garden, is nestled away in the interiors for a private escape. The elevation is a truly contemporary architectural design, featuring 130 luxury homes that is designed for your comfort and luxury living.",
                    "Rate":"87",
                    "Sqfts":"7,502 per sqft",
                    "call":"Request Callback",
                    "info":"Get Info",
                    "loan":"Check Loan Eligibility",
                    "operator":"Bulider:Newry Properties..",
                    "year":"Operating Since 2005"
        },
        {
            "homeid":"3",
            "component":false,
            "detail":false,
            "ptype":"villa",
            "bhkk":"3",
            "prize":15000,
            "image":"https://cdn.staticmb.com/property/microsite/mb-banners/00807398/featureproject-img.jpg",
            "head":"Edge",
            "paragraph":"Muratham Group",
            "paragraph1":"Tenkasi North",
            "flat":"3 BHP Flates",
            "lakes":"15,000",
            "lakdetail":"onwards",
            "foundation":"Marketed by jones foundation Pvt..",

            "rate":"15,000",
            "cash":"19,136 Cashback On Home loan",
            "Bhk":"3 BHK Flat for Sale for ",
            "sale":"Tenkasi North",
            "bed":"3 Beds",
            "bath":"2 Baths",
            "parking":"1 covered parking",
            "finished":"Underfinished",
            "area":"Super Bulid Up Area",
            "sqft":"1436 sqft",
            "sqfts":"5,888 per sqft",
            "Del":"Developer",
            "house":"Dosi Housing",
            "pro":"Project",
            "nest":"Dosi FirstNest",
            "floor":"Floor",
            "size":"2(2 Out Of 4 Floors)",
            "tra":"Transaction Type",
            "property":"New Property",
            "status":"Status",
            "ready":"Ready To Move",
            "left":"Left",
            "num":"1",
            "fur":"Furnishing Status",
            "unfurnish":"Unfurnishing",
            "park":"Car Parking",
            "cover":"One Covered",
            "offer":"Offer",
            "off":"40th Anniversary Offer -Save Upto 4 Lakhs",
            "bulid":"Contact Bulider",
            "Book":"Book Site Visit",
            "contact":"Last Conatct Made In 5 Days Ago",
            "why":"Why Buy This In This Project ?",
            "one":"ideal environment for people to live, to work, to Grow",
            "two":"Designed to delight every first home buyer",
            "three":"C.C No EC/Central-1/160/2023",
            "rental":"15,000",
            "dep":"1.0 lac",
            "address":"Tenkasi,Tenkasi North ,Tamilnadu",
            "new":"New Construction",
            "Availability":"24 Hours Available",
            "descrip":"Multistorey apartment is available for rend.it is good location property please contact for more details",
            "power":"Power Back Up",
            "rain":"Rain Water Harvesting",
            "clup":"Club House",
            "parks":"Park",
            "car":"Reversed Parking",
            "sec":"Security",

            
            "zero":"Only On Magicbrick",
                    "bhk":"3 BHK Villa for Sale in Tenkasi North Tenkasi",
                    "place":"Bhaggyam Athulya",
                    "Area":"SUPER AREA",
                    "Sqft":"1436 sqft",
                    "under":"CONSTRUCTION",
                    "date":"Poss. by Dec '23",
                    "toilet":"BATHROOM",
                    "number":"3",
                    "transion":"TRANSACTION",
                    "Property":"New Property",
                    "furnish":"FURNISHING",
                    "Paragraph":"Located bang on OMR, few meters before Shollinganallur junction. Athulya serene living space 3BHK homes spread over 2.1 acres of landscaped garden, is nestled away in the interiors for a private escape. The elevation is a truly contemporary architectural design, featuring 130 luxury homes that is designed for your comfort and luxury living.",
                    "Rate":"80",
                    "Sqfts":"5,888 per sqft",
                    "call":"Request Callback",
                    "info":"Get Info",
                    "loan":"Check Loan Eligibility",
                    "operator":"Bulider:Newry Properties..",
                    "year":"Operating Since 2005"
        },
        {
            "homeid":"4",
            "component":false,
            "detail":false,
            "ptype":"flat",
            "bhkk":"2",
            "prize":20000,
            "image":"https://cdn.staticmb.com/property/microsite/mb-banners/00779091/featureproject-img.jpg",
            "head":"Edge",
            "paragraph":"Next Bulider",
            "paragraph1":"Senkottai",
            "flat":"2 BHP Flates",
            "lakes":"75 Lakh",
            "lakdetail":"onwards",
            "foundation":"Marketed by jones foundation Pvt..",

            "rate":"20,000",
            "cash":"19,136 Cashback On Home loan",
            "Bhk":"2 BHK Flat for Sale for ",
            "sale":"Senkottai",
            "bed":"3 Beds",
            "bath":"2 Baths",
            "parking":"1 covered parking",
            "finished":"Underfinished",
            "area":"Super Bulid Up Area",
            "sqft":"1326 sqft",
            "sqfts":"5,388 per sqft",
            "Del":"Developer",
            "house":"Dosi Housing",
            "pro":"Project",
            "nest":"Dosi FirstNest",
            "floor":"Floor",
            "size":"2(2 Out Of 4 Floors)",
            "tra":"Transaction Type",
            "property":"New Property",
            "status":"Status",
            "ready":"Ready To Move",
            "left":"Left",
            "num":"1",
            "fur":"Furnishing Status",
            "unfurnish":"Unfurnishing",
            "park":"Car Parking",
            "cover":"One Covered",
            "offer":"Offer",
            "off":"40th Anniversary Offer -Save Upto 4 Lakhs",
            "bulid":"Contact Bulider",
            "Book":"Book Site Visit",
            "contact":"Last Conatct Made In 5 Days Ago",
            "why":"Why Buy This In This Project ?",
            "one":"ideal environment for people to live, to work, to Grow",
            "two":"Designed to delight every first home buyer",
            "three":"C.C No EC/Central-1/160/2023",
            "rental":"18000",
            "dep":"1.0 lac",
            "address":"Senkottai,Tenkasi south,Tamilnadu",
            "new":"New Construction",
            "Availability":"24 Hours Available",
            "descrip":"Multistorey apartment is available for rend.it is good location property please contact for more details",
            "power":"Power Back Up",
            "rain":"Rain Water Harvesting",
            "clup":"Club House",
            "parks":"Park",
            "car":"Reversed Parking",
            "sec":"Security",

            
            "zero":"Only On Magicbrick",
                    "bhk":"2 BHK Flat for Sale in Senkottai",
                    "place":"Bhaggyam Athulya",
                    "Area":"SUPER AREA",
                    "Sqft":"5,388 sqft",
                    "under":"CONSTRUCTION",
                    "date":"Poss. by Dec '23",
                    "toilet":"BATHROOM",
                    "number":"3",
                    "transion":"TRANSACTION",
                    "Property":"New Property",
                    "furnish":"FURNISHING",
                    "Paragraph":"Located bang on OMR, few meters before Senkottai junction. Athulya serene living space 3BHK homes spread over 2.1 acres of landscaped garden, is nestled away in the interiors for a private escape. The elevation is a truly contemporary architectural design, featuring 130 luxury homes that is designed for your comfort and luxury living.",
                    "Rate":"75",
                    "Sqfts":"5,388 per sqft",
                    "call":"Request Callback",
                    "info":"Get Info",
                    "loan":"Check Loan Eligibility",
                    "operator":"Bulider:Newry Properties..",
                    "year":"Operating Since 2005"
        },
        {
            "homeid":"5",
            "component":false,
            "detail":false,
            "ptype":"flat",
            "bhkk":"3",
            "prize":18000,
            "image":"https://cdn.staticmb.com/property/microsite/mb-banners/00851905/featureproject-img.jpg",
            "head":"Edge",
            "paragraph":"Muratham Group",
            "paragraph1":"Pavoorchatram Junction",
            "flat":"3 BHP Flates",
            "lakes":"18,000",
            "lakdetail":"onwards",
            "foundation":"Marketed by jones foundation Pvt..",

            "rate":"18,000",
            "cash":"19,136 Cashback On Home loan",
            "Bhk":"3 BHK Flat for Sale for ",
            "sale":"Pavoorchatram Junction Tenkasi",
            "bed":"3 Beds",
            "bath":"2 Baths",
            "parking":"1 covered parking",
            "finished":"Underfinished",
            "area":"Super Bulid Up Area",
            "sqft":"1566 sqft",
            "sqfts":"6,325 per sqft",
            "Del":"Developer",
            "house":"Dosi Housing",
            "pro":"Project",
            "nest":"Dosi FirstNest",
            "floor":"Floor",
            "size":"2(2 Out Of 4 Floors)",
            "tra":"Transaction Type",
            "property":"New Property",
            "status":"Status",
            "ready":"Ready To Move",
            "left":"Left",
            "num":"1",
            "fur":"Furnishing Status",
            "unfurnish":"Unfurnishing",
            "park":"Car Parking",
            "cover":"One Covered",
            "offer":"Offer",
            "off":"40th Anniversary Offer -Save Upto 4 Lakhs",
            "bulid":"Contact Bulider",
            "Book":"Book Site Visit",
            "contact":"Last Conatct Made In 5 Days Ago",
            "why":"Why Buy This In This Project ?",
            "one":"ideal environment for people to live, to work, to Grow",
            "two":"Designed to delight every first home buyer",
            "three":"C.C No EC/Central-1/160/2023",
            "rental":"18000",
            "dep":"1.0 lac",
            "address":"TPavoorchatram Junction,Tenkasi,Tamilnadu",
            "new":"New Construction",
            "Availability":"24 Hours Available",
            "descrip":"Multistorey apartment is available for rend.it is good location property please contact for more details",
            "power":"Power Back Up",
            "rain":"Rain Water Harvesting",
            "clup":"Club House",
            "parks":"Park",
            "car":"Reversed Parking",
            "sec":"Security",

            
            "zero":"Only On Magicbrick",
                    "bhk":"3 BHK Flat for Sale in Pavoorchatram Junction Tenkasi",
                    "place":"Bhaggyam Athulya",
                    "Area":"SUPER AREA",
                    "Sqft":"1566 sqft",
                    "under":"CONSTRUCTION",
                    "date":"Poss. by Dec '23",
                    "toilet":"BATHROOM",
                    "number":"3",
                    "transion":"TRANSACTION",
                    "Property":"New Property",
                    "furnish":"FURNISHING",
                    "Paragraph":"Located bang on OMR, few meters before Pavoorchatram Junction Tenkasi. Athulya serene living space 3BHK homes spread over 2.1 acres of landscaped garden, is nestled away in the interiors for a private escape. The elevation is a truly contemporary architectural design, featuring 130 luxury homes that is designed for your comfort and luxury living.",
                    "Rate":"58",
                    "Sqfts":"6,325 per sqft",
                    "call":"Request Callback",
                    "info":"Get Info",
                    "loan":"Check Loan Eligibility",
                    "operator":"Bulider:Newry Properties..",
                    "year":"Operating Since 2005"
        },
        {
            "homeid":"6",
            "component":false,
            "detail":false,
            "ptype":"flat",
            "bhkk":"1",
            "prize":6000,
            "image":"https://cdn.staticmb.com/property/microsite/mb-banners/00837084/featureproject-img.jpg",
            "head":"Edge",
            "paragraph":"Pearl Constructions",
            "paragraph1":"Kovil Street Tenkasi",
            "flat":"1 BHP Flates",
            "lakes":"6,000",
            "lakdetail":"onwards",
            "foundation":"Marketed by jones foundation Pvt..",

            "rate":"6,000",
            "cash":"19,136 Cashback On Home loan",
            "Bhk":"1 BHK Flat for Sale for ",
            "sale":"Kovil Street Tenkasi",
            "bed":"3 Beds",
            "bath":"2 Baths",
            "parking":"1 covered parking",
            "finished":"Underfinished",
            "area":"Super Bulid Up Area",
            "sqft":"1326 sqft",
            "sqfts":"6.326 per sqft",
            "Del":"Developer",
            "house":"Dosi Housing",
            "pro":"Project",
            "nest":"Dosi FirstNest",
            "floor":"Floor",
            "size":"2(2 Out Of 4 Floors)",
            "tra":"Transaction Type",
            "property":"New Property",
            "status":"Status",
            "ready":"Ready To Move",
            "left":"Left",
            "num":"1",
            "fur":"Furnishing Status",
            "unfurnish":"Unfurnishing",
            "park":"Car Parking",
            "cover":"One Covered",
            "offer":"Offer",
            "off":"40th Anniversary Offer -Save Upto 4 Lakhs",
            "bulid":"Contact Bulider",
            "Book":"Book Site Visit",
            "contact":"Last Conatct Made In 5 Days Ago",
            "why":"Why Buy This In This Project ?",
            "one":"ideal environment for people to live, to work, to Grow",
            "two":"Designed to delight every first home buyer",
            "three":"C.C No EC/Central-1/160/2023",
            "rental":"18000",
            "dep":"1.0 lac",
            "address":"Kovil Street Tenkasi,Tamilnadu",
            "new":"New Construction",
            "Availability":"24 Hours Available",
            "descrip":"Multistorey apartment is available for rend.it is good location property please contact for more details",
            "power":"Power Back Up",
            "rain":"Rain Water Harvesting",
            "clup":"Club House",
            "parks":"Park",
            "car":"Reversed Parking",
            "sec":"Security",

             
                    "zero":"Only On Magicbrick",
                    "Rate":"58",
                    "bhk":"1 BHK Flat for Sale in Kovil Street Tenkasi",
                    "place":"Bhaggyam Athulya",
                    "Area":"SUPER AREA",
                    "Sqft":"1326 sqft",
                    "under":"CONSTRUCTION",
                    "date":"Poss. by Dec '23",
                    "toilet":"BATHROOM",
                    "number":"3",
                    "transion":"TRANSACTION",
                    "Property":"New Property",
                    "furnish":"FURNISHING",
                    "Paragraph":"Located bang on OMR, few meters before Kovil Street Tenkasi. Athulya serene living space 3BHK homes spread over 2.1 acres of landscaped garden, is nestled away in the interiors for a private escape. The elevation is a truly contemporary architectural design, featuring 130 luxury homes that is designed for your comfort and luxury living.",
                    "Sqfts":"6.326 per sqft",
                    "call":"Request Callback",
                    "info":"Get Info",
                    "loan":"Check Loan Eligibility",
                    "operator":"Bulider:Newry Properties..",
                    "year":"Operating Since 2005"
        }
    ]
    }
],

    "Explore":[
        {
            "name":"Madavakam",
            "rate":"4165-",
            "rate1":"6417 per sqft",
            "star":3.7,
            "review":"217 Reviews",
            "image":"https://cdn.staticmb.com/magicservicestatic/images/topLocality/topLocality00.png",
            "sale":"950 properties for sale"
          },
          {
            "name":"Madavakam",
            "rate":"4165-",
            "rate1":"6417 per sqft",
            "star":3.7,
            "review":"217 Reviews",
            "image":"https://cdn.staticmb.com/magicservicestatic/images/topLocality/topLocality01.png",
            "sale":"950 properties for sale"
          },
          {
            "name":"Madavakam",
            "rate":"4165-",
            "rate1":"6417 per sqft",
            "star":3.7,
            "review":"217 Reviews",
            "image":"https://cdn.staticmb.com/magicservicestatic/images/topLocality/topLocality02.png",
            "sale":"950 properties for sale"
          }  
    ],

    "Gallery":[
        {
            "home":"1",
            "image":"https://cdn.staticmb.com/property/microsite/mb-banners/00844915/featureproject-img.jpg",
            "head":"Edge",
            "paragraph":"Next Bulider",
            "paragraph1":"Sholinganallur chennai",
            "flat":"1 BHP Flates",
            "lakes":"38,000",
            "lakdetail":"onwards",
            "foundation":"Marketed by jones foundation Pvt..",

            
            "rate":"38,000",
            "cash":"19,136 Cashback On Home loan",
            "Bhk":"1 BHK Flat for Sale for ",
            "sale":"Sholinganallur Chennai",
            "bed":"3 Beds",
            "bath":"2 Baths",
            "parking":"1 covered parking",
            "finished":"Underfinished",
            "area":"Super Bulid Up Area",
            "sqft":"1668 sqft",
            "sqfts":"7,399 per sqft",
            "Del":"Developer",
            "house":"Dosi Housing",
            "pro":"Project",
            "nest":"Dosi FirstNest",
            "floor":"Floor",
            "size":"2(2 Out Of 4 Floors)",
            "tra":"Transaction Type",
            "property":"New Property",
            "status":"Status",
            "ready":"Ready To Move",
            "left":"Left",
            "num":"1",
            "fur":"Furnishing Status",
            "unfurnish":"Unfurnishing",
            "park":"Car Parking",
            "cover":"One Covered",
            "offer":"Offer",
            "off":"40th Anniversary Offer -Save Upto 4 Lakhs",
            "bulid":"Contact Bulider",
            "Book":"Book Site Visit",
            "contact":"Last Conatct Made In 5 Days Ago",
            "why":"Why Buy This In This Project ?",
            "one":"ideal environment for people to live, to work, to Grow",
            "two":"Designed to delight every first home buyer",
            "three":"C.C No EC/Central-1/160/2023",
            "rental":"18000",
            "dep":"1.0 lac",
            "address":"Sholinganallur Chennai,chennai south,Tamilnadu",
            "new":"New Construction",
            "Availability":"24 Hours Available",
            "descrip":"Multistorey apartment is available for rend.it is good location property please contact for more details",
            "power":"Power Back Up",
            "rain":"Rain Water Harvesting",
            "clup":"Club House",
            "parks":"Park",
            "car":"Reversed Parking",
            "sec":"Security"
        },
        {
            "home":"2",
            "image":"https://cdn.staticmb.com/property/microsite/mb-banners/00837084/featureproject-img.jpg",
            "head":"Edge",
            "paragraph":"Pearl Constructions",
            "paragraph1":"Tenkasi South",
            "flat":"3 BHP Flates",
            "lakes":"87 Lakh",
            "lakdetail":"onwards",
            "foundation":"Marketed by jones foundation Pvt..",

            "rate":"35,000",
            "cash":"19,136 Cashback On Home loan",
            "Bhk":"2 BHK Flat for Sale for ",
            "sale":"Tambaram Chennai",
            "bed":"3 Beds",
            "bath":"2 Baths",
            "parking":"1 covered parking",
            "finished":"Underfinished",
            "area":"Super Bulid Up Area",
            "sqft":"1558 sqft",
            "sqfts":"7,502 per sqft",
            "Del":"Developer",
            "house":"Dosi Housing",
            "pro":"Project",
            "nest":"Dosi FirstNest",
            "floor":"Floor",
            "size":"2(2 Out Of 4 Floors)",
            "tra":"Transaction Type",
            "property":"New Property",
            "status":"Status",
            "ready":"Ready To Move",
            "left":"Left",
            "num":"1",
            "fur":"Furnishing Status",
            "unfurnish":"Unfurnishing",
            "park":"Car Parking",
            "cover":"One Covered",
            "offer":"Offer",
            "off":"40th Anniversary Offer -Save Upto 4 Lakhs",
            "bulid":"Contact Bulider",
            "Book":"Book Site Visit",
            "contact":"Last Conatct Made In 5 Days Ago",
            "why":"Why Buy This In This Project ?",
            "one":"ideal environment for people to live, to work, to Grow",
            "two":"Designed to delight every first home buyer",
            "three":"C.C No EC/Central-1/160/2023",
            "rental":"18000",
            "dep":"1.0 lac",
            "address":"Tambaram Chennai,chennai south,Tamilnadu",
            "new":"New Construction",
            "Availability":"24 Hours Available",
            "descrip":"Multistorey apartment is available for rend.it is good location property please contact for more details",
            "power":"Power Back Up",
            "rain":"Rain Water Harvesting",
            "clup":"Club House",
            "parks":"Park",
            "car":"Reversed Parking",
            "sec":"Security"
        },
        {
            "home":"3",
            "image":"https://cdn.staticmb.com/property/microsite/mb-banners/00807398/featureproject-img.jpg",
            "head":"Edge",
            "paragraph":"Muratham Group",
            "paragraph1":"Sithalpakam",
            "flat":"3 BHP Flates",
            "lakes":"33,000",
            "lakdetail":"onwards",
            "foundation":"Marketed by jones foundation Pvt..",

            "rate":"33,000",
            "cash":"19,136 Cashback On Home loan",
            "Bhk":"2 BHK Flat for Sale for ",
            "sale":"Sithalpakam Chennai",
            "bed":"3 Beds",
            "bath":"2 Baths",
            "parking":"1 covered parking",
            "finished":"Underfinished",
            "area":"Super Bulid Up Area",
            "sqft":"1436 sqft",
            "sqfts":"5,888 per sqft",
            "Del":"Developer",
            "house":"Dosi Housing",
            "pro":"Project",
            "nest":"Dosi FirstNest",
            "floor":"Floor",
            "size":"2(2 Out Of 4 Floors)",
            "tra":"Transaction Type",
            "property":"New Property",
            "status":"Status",
            "ready":"Ready To Move",
            "left":"Left",
            "num":"1",
            "fur":"Furnishing Status",
            "unfurnish":"Unfurnishing",
            "park":"Car Parking",
            "cover":"One Covered",
            "offer":"Offer",
            "off":"40th Anniversary Offer -Save Upto 4 Lakhs",
            "bulid":"Contact Bulider",
            "Book":"Book Site Visit",
            "contact":"Last Conatct Made In 5 Days Ago",
            "why":"Why Buy This In This Project ?",
            "one":"ideal environment for people to live, to work, to Grow",
            "two":"Designed to delight every first home buyer",
            "three":"C.C No EC/Central-1/160/2023",
            "rental":"18000",
            "dep":"1.0 lac",
            "address":"Sithalpakam Chennai,chennai south,Tamilnadu",
            "new":"New Construction",
            "Availability":"24 Hours Available",
            "descrip":"Multistorey apartment is available for rend.it is good location property please contact for more details",
            "power":"Power Back Up",
            "rain":"Rain Water Harvesting",
            "clup":"Club House",
            "parks":"Park",
            "car":"Reversed Parking",
            "sec":"Security"
        },
        {
            "home":"4",
            "image":"https://cdn.staticmb.com/property/microsite/mb-banners/00779091/featureproject-img.jpg",
            "head":"Edge",
            "paragraph":"Next Bulider",
            "paragraph1":"Medavakkam",
            "flat":"4 BHP Flates",
            "lakes":"10,000",
            "lakdetail":"onwards",
            "foundation":"Marketed by jones foundation Pvt..",

            "rate":"10,000",
            "cash":"19,136 Cashback On Home loan",
            "Bhk":"4 BHK Flat for Sale for ",
            "sale":"Medavakkam Chennai",
            "bed":"3 Beds",
            "bath":"2 Baths",
            "parking":"1 covered parking",
            "finished":"Underfinished",
            "area":"Super Bulid Up Area",
            "sqft":"1326 sqft",
            "sqfts":"5,388 per sqft",
            "Del":"Developer",
            "house":"Dosi Housing",
            "pro":"Project",
            "nest":"Dosi FirstNest",
            "floor":"Floor",
            "size":"2(2 Out Of 4 Floors)",
            "tra":"Transaction Type",
            "property":"New Property",
            "status":"Status",
            "ready":"Ready To Move",
            "left":"Left",
            "num":"1",
            "fur":"Furnishing Status",
            "unfurnish":"Unfurnishing",
            "park":"Car Parking",
            "cover":"One Covered",
            "offer":"Offer",
            "off":"40th Anniversary Offer -Save Upto 4 Lakhs",
            "bulid":"Contact Bulider",
            "Book":"Book Site Visit",
            "contact":"Last Conatct Made In 5 Days Ago",
            "why":"Why Buy This In This Project ?",
            "one":"ideal environment for people to live, to work, to Grow",
            "two":"Designed to delight every first home buyer",
            "three":"C.C No EC/Central-1/160/2023",
            "rental":"18000",
            "dep":"1.0 lac",
            "address":"Medavakkam Chennai,chennai south,Tamilnadu",
            "new":"New Construction",
            "Availability":"24 Hours Available",
            "descrip":"Multistorey apartment is available for rend.it is good location property please contact for more details",
            "power":"Power Back Up",
            "rain":"Rain Water Harvesting",
            "clup":"Club House",
            "parks":"Park",
            "car":"Reversed Parking",
            "sec":"Security"
        },
        {
            "home":"5",
            "image":"https://cdn.staticmb.com/property/microsite/mb-banners/00851905/featureproject-img.jpg",
            "head":"Edge",
            "paragraph":"Muratham Group",
            "paragraph1":"West Tambaram",
            "flat":"3 BHP Flates",
            "lakes":"25,000",
            "lakdetail":"onwards",
            "foundation":"Marketed by jones foundation Pvt..",

            "rate":"25,000",
            "cash":"19,136 Cashback On Home loan",
            "Bhk":"5 BHK Flat for Sale for ",
            "sale":"West Tambaram Chennai",
            "bed":"3 Beds",
            "bath":"2 Baths",
            "parking":"1 covered parking",
            "finished":"Underfinished",
            "area":"Super Bulid Up Area",
            "sqft":"1566 sqft",
            "sqfts":"6,325 per sqft",
            "Del":"Developer",
            "house":"Dosi Housing",
            "pro":"Project",
            "nest":"Dosi FirstNest",
            "floor":"Floor",
            "size":"2(2 Out Of 4 Floors)",
            "tra":"Transaction Type",
            "property":"New Property",
            "status":"Status",
            "ready":"Ready To Move",
            "left":"Left",
            "num":"1",
            "fur":"Furnishing Status",
            "unfurnish":"Unfurnishing",
            "park":"Car Parking",
            "cover":"One Covered",
            "offer":"Offer",
            "off":"40th Anniversary Offer -Save Upto 4 Lakhs",
            "bulid":"Contact Bulider",
            "Book":"Book Site Visit",
            "contact":"Last Conatct Made In 5 Days Ago",
            "why":"Why Buy This In This Project ?",
            "one":"ideal environment for people to live, to work, to Grow",
            "two":"Designed to delight every first home buyer",
            "three":"C.C No EC/Central-1/160/2023",
            "rental":"18000",
            "dep":"1.0 lac",
            "address":"Tambaram Chennai Chennai,chennai south,Tamilnadu",
            "new":"New Construction",
            "Availability":"24 Hours Available",
            "descrip":"Multistorey apartment is available for rend.it is good location property please contact for more details",
            "power":"Power Back Up",
            "rain":"Rain Water Harvesting",
            "clup":"Club House",
            "parks":"Park",
            "car":"Reversed Parking",
            "sec":"Security"
        },
        {
            "home":"6",
            "image":"https://cdn.staticmb.com/property/microsite/mb-banners/00837084/featureproject-img.jpg",
            "head":"Edge",
            "paragraph":"Pearl Constructions",
            "paragraph1":"Thiruvanmiyur",
            "flat":"1 BHP Flates",
            "lakes":"8,000",
            "lakdetail":"onwards",
            "foundation":"Marketed by jones foundation Pvt..",
            
            "rate":"8,000",
            "cash":"19,136 Cashback On Home loan",
            "Bhk":"1 BHK Flat for Sale for ",
            "sale":"Thiruvanmiyur Chennai",
            "bed":"3 Beds",
            "bath":"2 Baths",
            "parking":"1 covered parking",
            "finished":"Underfinished",
            "area":"Super Bulid Up Area",
            "sqft":"1326 sqft",
            "sqfts":"6.326 per sqft",
            "Del":"Developer",
            "house":"Dosi Housing",
            "pro":"Project",
            "nest":"Dosi FirstNest",
            "floor":"Floor",
            "size":"2(2 Out Of 4 Floors)",
            "tra":"Transaction Type",
            "property":"New Property",
            "status":"Status",
            "ready":"Ready To Move",
            "left":"Left",
            "num":"1",
            "fur":"Furnishing Status",
            "unfurnish":"Unfurnishing",
            "park":"Car Parking",
            "cover":"One Covered",
            "offer":"Offer",
            "off":"40th Anniversary Offer -Save Upto 4 Lakhs",
            "bulid":"Contact Bulider",
            "Book":"Book Site Visit",
            "contact":"Last Conatct Made In 5 Days Ago",
            "why":"Why Buy This In This Project ?",
            "one":"ideal environment for people to live, to work, to Grow",
            "two":"Designed to delight every first home buyer",
            "three":"C.C No EC/Central-1/160/2023",
            "rental":"18000",
            "dep":"1.0 lac",
            "address":"Thiruvanmiyur Chennai,chennai south,Tamilnadu",
            "new":"New Construction",
            "Availability":"24 Hours Available",
            "descrip":"Multistorey apartment is available for rend.it is good location property please contact for more details",
            "power":"Power Back Up",
            "rain":"Rain Water Harvesting",
            "clup":"Club House",
            "parks":"Park",
            "car":"Reversed Parking",
            "sec":"Security"
        }
    ]
}